{"initial_reset_timestamp": 1668670671.909937, "timestamps": [1668670679.7278311], "episode_lengths": [3845], "episode_rewards": [9.0], "episode_types": ["t"]}