{"initial_reset_timestamp": 1668670756.6123192, "timestamps": [1668670767.4714255], "episode_lengths": [4644], "episode_rewards": [11.0], "episode_types": ["t"]}