{"initial_reset_timestamp": 1668671334.7242298, "timestamps": [1668671345.7039642], "episode_lengths": [4979], "episode_rewards": [6.0], "episode_types": ["t"]}