{"initial_reset_timestamp": 1668670767.7102973, "timestamps": [1668670776.8860304], "episode_lengths": [4719], "episode_rewards": [7.0], "episode_types": ["t"]}