{"initial_reset_timestamp": 1668671345.9602687, "timestamps": [1668671356.7131426], "episode_lengths": [5063], "episode_rewards": [-3.0], "episode_types": ["t"]}