{"initial_reset_timestamp": 1668672112.0788708, "timestamps": [1668672123.459977], "episode_lengths": [4246], "episode_rewards": [5.0], "episode_types": ["t"]}