{"initial_reset_timestamp": 1668670663.5276713, "timestamps": [1668670671.6635282], "episode_lengths": [3933], "episode_rewards": [12.0], "episode_types": ["t"]}