{"initial_reset_timestamp": 1668672123.750047, "timestamps": [1668672135.2194386], "episode_lengths": [5639], "episode_rewards": [4.0], "episode_types": ["t"]}