{"initial_reset_timestamp": 1668671324.2831354, "timestamps": [1668671334.4242504], "episode_lengths": [4045], "episode_rewards": [6.0], "episode_types": ["t"]}