{"initial_reset_timestamp": 1668670777.1570618, "timestamps": [1668670787.1431396], "episode_lengths": [4882], "episode_rewards": [-2.0], "episode_types": ["t"]}