{"initial_reset_timestamp": 1668670642.2226756, "timestamps": [1668670663.2583175], "episode_lengths": [5216], "episode_rewards": [5.0], "episode_types": ["t"]}