{"initial_reset_timestamp": 1668796412.3466406, "timestamps": [1668796414.1733623], "episode_lengths": [812], "episode_rewards": [17.0], "episode_types": ["t"]}