{"initial_reset_timestamp": 1668804104.3763819, "timestamps": [1668804106.6391816], "episode_lengths": [966], "episode_rewards": [20.0], "episode_types": ["t"]}