{"initial_reset_timestamp": 1668815647.7647276, "timestamps": [1668815650.2662654], "episode_lengths": [971], "episode_rewards": [18.0], "episode_types": ["t"]}