{"initial_reset_timestamp": 1668800262.1051862, "timestamps": [1668800263.860959], "episode_lengths": [712], "episode_rewards": [14.0], "episode_types": ["t"]}