{"initial_reset_timestamp": 1668823322.7349675, "timestamps": [1668823325.0415423], "episode_lengths": [828], "episode_rewards": [22.0], "episode_types": ["t"]}