{"initial_reset_timestamp": 1668807958.2466056, "timestamps": [1668807960.0425408], "episode_lengths": [760], "episode_rewards": [10.0], "episode_types": ["t"]}