{"initial_reset_timestamp": 1668811803.1966832, "timestamps": [1668811805.2058632], "episode_lengths": [774], "episode_rewards": [13.0], "episode_types": ["t"]}