{"initial_reset_timestamp": 1668819483.0124154, "timestamps": [1668819484.6504934], "episode_lengths": [556], "episode_rewards": [8.0], "episode_types": ["t"]}