{"initial_reset_timestamp": 1668792529.31298, "timestamps": [1668792531.6355658], "episode_lengths": [1056], "episode_rewards": [19.0], "episode_types": ["t"]}